owner,id,name,artists,danceability,energy,key,loudness,mode,speechiness,acousticness,instrumentalness,liveness,valence,tempo,duration_ms,time_signature
Treshank,0BB47XqC0BbozOvDoPBra,Only Want You,Rita Ora,0.654,0.528,6.0,-6.224,0.0,0.0412,0.0599,7.140000000000001e-05,0.0975,0.376,82.014,180760.0,4.0
Treshank,2nZq5WQOW4FEPxCVTdNGf,Kissin' In The Cold,JP Saxe,0.528,0.34299999999999997,0.0,-7.62,1.0,0.036000000000000004,0.777,0.0,0.162,0.342,64.87899999999999,224084.0,4.0
Treshank,2jt2WxXMCD4zjACthkJQV,The Ringer,Eminem,0.9390000000000001,0.551,1.0,-9.126,1.0,0.29100000000000004,0.0311,0.0,0.192,0.42,118.552,337941.0,4.0
Treshank,1v7L65Lzy0j0vdpRjJewt,"Lose Yourself - From ""8 Mile"" Soundtrack",Eminem,0.6859999999999999,0.735,2.0,-4.6160000000000005,1.0,0.264,0.00921,0.00066,0.342,0.0596,171.355,322227.0,4.0
Treshank,6or1bKJiZ06IlK0vFvY75,Rap God,Eminem,0.708,0.843,7.0,-2.66,1.0,0.314,0.397,0.0,0.799,0.625,148.14,363521.0,4.0
Treshank,3yfqSUWxFvZELEM4PmlwI,The Real Slim Shady,Eminem,0.9490000000000001,0.6609999999999999,5.0,-4.244,0.0,0.0572,0.0302,0.0,0.0454,0.76,104.50399999999999,284200.0,4.0
Treshank,7lQ8MOhq6IN2w8EYcFNSU,Without Me,Eminem,0.9079999999999999,0.669,7.0,-2.827,1.0,0.0738,0.00286,0.0,0.237,0.662,112.238,290320.0,4.0
Treshank,7FIWs0pqAYbP91WWM0vlT,Godzilla (feat. Juice WRLD),Eminem,0.8079999999999999,0.745,10.0,-5.26,0.0,0.342,0.145,0.0,0.292,0.8290000000000001,165.995,210800.0,4.0
Treshank,4xkOaSrkexMciUUogZKVT,'Till I Collapse,Eminem,0.5479999999999999,0.847,1.0,-3.237,1.0,0.18600000000000003,0.0622,0.0,0.0816,0.1,171.447,297787.0,4.0
Treshank,0Gl5s8IhMmQE5YQwM8Qx1,Never Enough,Loren Allred,0.27699999999999997,0.39399999999999996,8.0,-8.902999999999999,1.0,0.0336,0.423,0.0,0.0952,0.22699999999999998,86.777,207787.0,3.0
Treshank,0fiijtFXDJ9MOVwgSaEQJ,Don’t Give Up On Me,Andy Grammer,0.64,0.537,0.0,-5.452000000000001,0.0,0.0282,0.0875,9.84e-06,0.11,0.0676,112.868,196188.0,4.0
Treshank,10Lu5P0waAD6jc9u9HycU,Teddy Bear,Melanie Martinez,0.6459999999999999,0.6559999999999999,11.0,-5.505,0.0,0.152,0.242,0.0,0.0613,0.66,126.76700000000001,245728.0,5.0
Treshank,2MbgQKWhoii8bqsMBWWWg,Courage to Change,Sia,0.307,0.606,11.0,-5.567,0.0,0.0347,0.0927,0.0,0.35700000000000004,0.11,78.828,292656.0,4.0
Treshank,0jllH0usRFD4LJkJnGK9L,Complicated,Olivia O'Brien,0.657,0.355,7.0,-12.044,1.0,0.0714,0.6940000000000001,0.00042699999999999997,0.12300000000000001,0.0808,74.99,189000.0,4.0
Treshank,4DpNNXFMMxQEKl7r0ykkW,Play Date,Melanie Martinez,0.68,0.7290000000000001,5.0,-5.077,1.0,0.0475,0.612,0.0,0.22399999999999998,0.446,123.97,179867.0,4.0
Treshank,1Omt5bfz1tZUCqd26HxbS,Beyond,Leon Bridges,0.58,0.687,6.0,-5.4,1.0,0.106,0.22899999999999998,0.0,0.109,0.187,76.014,240600.0,4.0
Treshank,7IL3UOlcJ6nmcCMwpnlfc,Something's Gotta Give,Camila Cabello,0.545,0.45799999999999996,5.0,-4.6,0.0,0.0279,0.36700000000000005,0.0,0.11800000000000001,0.16399999999999998,79.943,236360.0,4.0
Treshank,0xG0SHshCStMEyNbNC5d4,Issues,Julia Michaels,0.67,0.415,8.0,-6.855,1.0,0.0786,0.39,0.0,0.0617,0.445,114.212,176320.0,4.0
Treshank,3FghLQlyy67L5hUxOKkvI,What a Wonderful World (Film Version),Dwayne Johnson,0.7190000000000001,0.0519,0.0,-24.23,1.0,0.41700000000000004,0.843,0.000719,0.507,0.303,114.48,138202.0,4.0
Treshank,5frDSkLEcCJjQSdvUB2JG,You're Welcome,Dwayne Johnson,0.7879999999999999,0.745,5.0,-7.072,1.0,0.258,0.29,0.0,0.0373,0.672,135.278,163893.0,4.0
Treshank,0AtP8EkGPn6SwxKDaUuXe,Remember The Name (feat. Eminem & 50 Cent),Ed Sheeran,0.852,0.6659999999999999,11.0,-6.922999999999999,0.0,0.184,0.135,0.0,0.7979999999999999,0.726,91.046,207760.0,4.0
Treshank,3G0yz3DZn3lfraledmBCT,P.I.M.P.,50 Cent,0.7120000000000001,0.772,10.0,-3.0239999999999996,0.0,0.34600000000000003,0.0521,4.35e-06,0.0368,0.848,84.72200000000001,249480.0,4.0
Treshank,5QyOjKJhR1iyF0DHQM2Iv,Tareefan,Badshah,0.8290000000000001,0.654,5.0,-6.26,0.0,0.0685,0.0942,5.01e-06,0.2,0.335,98.012,186122.0,4.0
Treshank,0sf12qNH5qcw8qpgymFOq,Blinding Lights,The Weeknd,0.513,0.7959999999999999,1.0,-4.075,1.0,0.0629,0.00147,0.00020899999999999998,0.0938,0.345,171.017,201573.0,4.0
Treshank,5PKWUDfQFtc5qqo8cs1gQ,Set Fire to the Rain,Adele,0.603,0.67,2.0,-3.8819999999999997,0.0,0.0249,0.004079999999999999,1.66e-06,0.11199999999999999,0.445,107.995,242974.0,4.0
Treshank,0yc37FvbXRwwFaQxzpxbs,Somebody To Love,OneRepublic,0.401,0.503,2.0,-8.084,1.0,0.0437,0.0158,0.0,0.134,0.23600000000000002,118.491,181408.0,4.0
Treshank,44pxxRrhiDGuHYP5HjadG,Take What You Want (feat. Ozzy Osbourne & Travis Scott),Post Malone,0.495,0.8109999999999999,1.0,-2.6489999999999996,0.0,0.0571,0.102,0.0,0.132,0.24100000000000002,139.925,229587.0,4.0
Treshank,0hGH0S74Eoyv6mXZcOKtd,On The Road (feat. Meek Mill & Lil Baby),Post Malone,0.442,0.737,7.0,-5.046,1.0,0.109,0.0589,0.0,0.102,0.21,112.93,218320.0,5.0
Treshank,6vBdBCoOhKHiYDDOcorfN,Goodbyes (Feat. Young Thug),Post Malone,0.58,0.653,5.0,-3.818,1.0,0.0745,0.447,0.0,0.111,0.175,150.231,174960.0,4.0
Treshank,4hDoWaIklSVAKLocU3IDB,I'm Gonna Be,Post Malone,0.746,0.5589999999999999,5.0,-4.008,1.0,0.0316,0.703,0.0,0.14800000000000002,0.368,117.943,200680.0,4.0
Treshank,6hLkeOMrhZ2CMLBp2of57,Wanted,OneRepublic,0.6679999999999999,0.534,1.0,-6.586,1.0,0.0677,0.16399999999999998,0.0,0.1,0.711,145.816,136248.0,4.0
Treshank,3707IBa4HnS3zDDoWfeUB,I Warned Myself,Charlie Puth,0.488,0.311,10.0,-11.467,0.0,0.297,0.562,0.0005480000000000001,0.161,0.579,184.112,159783.0,4.0
Treshank,5cF0dROlMOK5uNZtivgu5,Attention,Charlie Puth,0.775,0.613,3.0,-4.586,0.0,0.0542,0.109,2.33e-05,0.134,0.797,100.066,208787.0,4.0
Treshank,6Js9pKLTyVw7xZQ1MIjkV,Shenanigans (feat. Yung Bans),Jasiah,0.77,0.892,6.0,-4.724,1.0,0.22,0.13699999999999998,0.0,0.109,0.84,91.12299999999999,138243.0,4.0
Treshank,5sqJrTHwsbdrC3nzexXie,Can't Stop Me Now,The Score,0.532,0.504,2.0,-6.695,1.0,0.0396,7.64e-05,0.00774,0.115,0.0782,170.041,118374.0,4.0
Treshank,2FzgbCcszptrQpdJOr2So,Icy (feat. Gucci Mane),Logic,0.8270000000000001,0.522,7.0,-4.8660000000000005,1.0,0.0845,0.163,1.19e-06,0.109,0.47700000000000004,151.99,265267.0,4.0
Treshank,2c8sgbZoEanC3QyFNZxUc,Flexicution,Logic,0.782,0.713,0.0,-6.5760000000000005,0.0,0.0899,0.0619,0.00125,0.10800000000000001,0.68,159.839,218947.0,4.0
Treshank,3PYx9Wte3jwb48V0wArMO,Keanu Reeves,Logic,0.7120000000000001,0.8909999999999999,2.0,-6.457000000000001,1.0,0.24,0.0557,0.0,0.134,0.799,170.13,225920.0,4.0
Treshank,6hypt8VPJxeMXTTcRUHS8,Glory,The Score,0.564,0.613,11.0,-5.055,1.0,0.0318,0.111,3.22e-06,0.0825,0.48,84.95100000000001,166693.0,4.0
Treshank,6kls8cSlUyHW2BUOkDJIZ,Hate Me (with Juice WRLD),Ellie Goulding,0.657,0.768,8.0,-4.628,1.0,0.0507,0.10800000000000001,0.0,0.14400000000000002,0.759,75.025,186223.0,4.0
Treshank,1DhRbox3xkceP64k3JeYf,Antisocial (with Travis Scott),Ed Sheeran,0.716,0.823,5.0,-5.313,0.0,0.0495,0.132,0.0,0.361,0.91,151.957,161747.0,4.0
Treshank,1pPWLAfELypeAmi0bMdEX,South of the Border (feat. Camila Cabello & Cardi B),Ed Sheeran,0.857,0.621,9.0,-6.376,0.0,0.0824,0.14800000000000002,0.0,0.0865,0.6679999999999999,97.986,204467.0,4.0
Treshank,1almCHdsfikRPfVB9VrEd,Little Do You Know,Alex & Sierra,0.5,0.292,0.0,-8.554,1.0,0.0323,0.746,0.0,0.188,0.37,145.879,185200.0,4.0
Treshank,0TK2YIli7K1leLovkQiNi,Señorita,Shawn Mendes,0.759,0.54,9.0,-6.039,0.0,0.0287,0.037000000000000005,0.0,0.0945,0.75,116.947,190960.0,4.0
Treshank,4evmHXcjt3bTUHD1cvny9,Beautiful People (feat. Khalid),Ed Sheeran,0.64,0.648,5.0,-8.113,0.0,0.187,0.124,0.0,0.0802,0.5479999999999999,92.977,197867.0,4.0
Treshank,7quT6XsXglpUPAF5O1ZFk,Paris - Extended Version,We Go Down Together,0.561,0.6509999999999999,11.0,-8.434,0.0,0.0356,0.0983,0.0,0.541,0.321,100.001,203831.0,4.0
Treshank,2OALaHcDdKkjYEpAr0Qza,Lonely Together (feat. Rita Ora),Avicii,0.655,0.6659999999999999,5.0,-5.309,1.0,0.0612,0.134,2.12e-05,0.0683,0.272,102.977,181812.0,4.0
Treshank,4kflIGfjdZJW4ot2ioixT,Someone Like You,Adele,0.5589999999999999,0.33,9.0,-8.251,1.0,0.0285,0.892,0.0,0.0975,0.285,135.109,285040.0,4.0
Treshank,4kHHBrUi49P8KWjmpLXJq,Borderlands 2 - This Ain't No Place For No Hero ( Short Change Hero) - Main Theme,Geek Music,0.785,0.28300000000000003,11.0,-11.739,1.0,0.033,0.872,0.000102,0.17300000000000001,0.43799999999999994,105.96799999999999,236792.0,4.0
Treshank,4mU5iXHeLgbR94siF7p1s,Six Feet Under,The Weeknd,0.772,0.504,6.0,-8.219,0.0,0.0761,0.129,0.0,0.125,0.244,140.035,237573.0,4.0
Treshank,1oGdVdYjeQvojGKDddxLQ,True Colors,The Weeknd,0.624,0.424,1.0,-8.237,1.0,0.24,0.28600000000000003,0.0,0.17300000000000001,0.584,76.671,206013.0,4.0
Treshank,00NAQYOP4AmWR549nnYJZ,Secrets,The Weeknd,0.664,0.7709999999999999,0.0,-5.779,1.0,0.0533,0.0155,9.6e-06,0.46,0.763,109.945,265600.0,4.0
Treshank,36YCdzT57us0LhDmCYtrN,Rockin’,The Weeknd,0.738,0.885,9.0,-5.547000000000001,0.0,0.20600000000000002,0.0133,0.0,0.0821,0.752,112.87799999999999,232880.0,4.0
Treshank,1Hd2XLitkt1PYCWSbfF5q,Wish Wish (feat. Cardi B & 21 Savage),DJ Khaled,0.861,0.6659999999999999,8.0,-5.18,0.0,0.34299999999999997,0.00218,0.0,0.272,0.853,145.041,202625.0,4.0
Treshank,0mjAU3yKR1QnXnHtjGJqT,Rescue Me,OneRepublic,0.759,0.605,7.0,-7.737,1.0,0.0433,0.156,0.0,0.6940000000000001,0.64,121.04899999999999,158900.0,4.0
Treshank,7MXVkk9YMctZqd1Srtv4M,Starboy,The Weeknd,0.679,0.5870000000000001,7.0,-7.015,1.0,0.276,0.141,6.35e-06,0.13699999999999998,0.486,186.003,230453.0,4.0
Treshank,4F7A0DXBrmUAkp32uenhZ,Party Monster,The Weeknd,0.573,0.63,1.0,-8.389,1.0,0.105,0.18899999999999997,2.3100000000000002e-05,0.259,0.218,77.525,249213.0,4.0
Treshank,4MPTj8lMMvxLwT3EwuXFo,Call Out My Name,The Weeknd,0.449,0.599,1.0,-4.8919999999999995,1.0,0.0369,0.21100000000000002,0.0,0.327,0.165,134.144,228373.0,3.0
Treshank,3dhjNA0jGA8vHBQ1VdD6v,I Feel It Coming,The Weeknd,0.773,0.8190000000000001,0.0,-5.946000000000001,0.0,0.11800000000000001,0.428,0.0,0.0679,0.585,92.98700000000001,269187.0,4.0
Treshank,37F0uwRSrdzkBiuj0D5UH,Reminder,The Weeknd,0.706,0.505,8.0,-6.922999999999999,1.0,0.193,0.142,0.0,0.16399999999999998,0.38799999999999996,160.053,218880.0,4.0
Treshank,3vlhj2IVW433vB9GD38dZ,Pray For Em,Meek Mill,0.539,0.5770000000000001,1.0,-6.24,1.0,0.29,0.0183,0.0,0.19399999999999998,0.152,104.89399999999999,214252.0,3.0
Treshank,5DhPPiULuuXllyVd3T8Za,Gave Em Hope,Meek Mill,0.732,0.7090000000000001,10.0,-4.145,0.0,0.147,0.0723,0.0,0.0859,0.529,136.047,210651.0,4.0
Treshank,6dVa7xk5dOoT6pOkDw1TM,Brother,Kodaline,0.493,0.636,10.0,-5.894,1.0,0.049,0.341,0.0,0.201,0.228,120.13600000000001,201980.0,4.0
Treshank,1VqmEOKrIBxNbnvMaTfss,Hell Froze Over,Kodaline,0.37,0.868,11.0,-3.3080000000000003,1.0,0.154,0.0109,0.0,0.158,0.29100000000000004,152.95,225573.0,4.0
Treshank,5yVIlYEHZxQVLyInCdldo,Impossible,James Arthur,0.376,0.696,0.0,-4.785,0.0,0.0949,0.141,0.0,0.11,0.303,169.515,209440.0,4.0
Treshank,0OlnLZY4cmQzT6ZGttvWB,So Far Away (feat. Jamie Scott & Romy Dya),Martin Garrix,0.526,0.52,6.0,-7.985,0.0,0.0569,0.435,0.0,0.19699999999999998,0.13,149.119,183637.0,4.0
Treshank,2IRZnDFmlqMuOrYOLnZZy,Going Bad (feat. Drake),Meek Mill,0.889,0.496,4.0,-6.365,0.0,0.0905,0.259,0.0,0.252,0.544,86.00299999999999,180522.0,4.0
Treshank,2jTidefcsTu6VQhpIImJr,All I Want,Kodaline,0.209,0.41200000000000003,0.0,-9.732999999999999,1.0,0.0443,0.172,0.15,0.0843,0.162,86.26,305747.0,3.0
Treshank,2tOOhpCbtjyeSPSBrWQ8g,Sail Away Sweet Sister - Remastered 2011,Queen,0.531,0.506,9.0,-7.001,1.0,0.0265,0.8240000000000001,0.0,0.0835,0.19899999999999998,80.355,213387.0,4.0
Treshank,05sCp83gcMm1iecYydKJS,Let's Hurt Tonight,OneRepublic,0.359,0.713,5.0,-4.526,1.0,0.0366,0.33,0.0,0.324,0.272,61.519,194520.0,4.0
Treshank,1ny5puGJQ4r7sMvazXCls,Kids,OneRepublic,0.598,0.737,2.0,-6.169,1.0,0.0406,0.0159,0.0,0.284,0.2,99.991,238387.0,4.0
Treshank,5AoZWVVSbmg2SkaCiqCWW,Wherever I Go,OneRepublic,0.54,0.675,10.0,-6.449,0.0,0.0429,0.1,0.0,0.237,0.348,99.97,169773.0,4.0
Treshank,1NhPKVLsHhFUHIOZ32QnS,Secrets,OneRepublic,0.516,0.764,2.0,-6.223,1.0,0.0366,0.0717,0.0,0.115,0.376,148.02100000000002,224693.0,4.0
Treshank,3T4UodGkfZObJ43RtA5KF,Connection,OneRepublic,0.611,0.602,5.0,-4.89,1.0,0.0437,0.000837,0.0,0.11199999999999999,0.624,168.15400000000002,148460.0,4.0
Treshank,7JAGL0wjf2lHoPUJ2oZF7,Revolution - Remix,Sean&Bobo,0.669,0.392,0.0,-5.581,0.0,0.0361,0.0668,0.25,0.159,0.0595,148.064,235154.0,4.0
Treshank,2CPqh63wRVscbceKcPxwv,The Ocean (feat. Shy Martin),Mike Perry,0.632,0.575,5.0,-6.478,1.0,0.028999999999999998,0.0225,1.81e-06,0.10400000000000001,0.188,90.037,183414.0,4.0
Treshank,3u1S1OmAUhx5DRlLrXqyp,Rise,Jonas Blue,0.69,0.784,1.0,-4.6530000000000005,1.0,0.032,0.32299999999999995,0.0,0.203,0.669,106.066,194408.0,4.0
Treshank,5up5uXChMJLKyuop9HwtC,Shotgun (The Wild Remix),George Ezra,0.588,0.757,5.0,-2.415,1.0,0.0716,0.327,0.0,0.32299999999999995,0.836,122.81299999999999,191650.0,4.0
Treshank,7rXzjQUI4Kcbfi8HeOODm,Rise Till We Fall,Will Shepard,0.733,0.742,1.0,-5.278,1.0,0.0311,0.237,0.0,0.207,0.65,106.068,190181.0,4.0
Treshank,6nDKrPlXdpomGBgAlO7Ud,SOS,Avicii,0.802,0.645,5.0,-6.181,0.0,0.0715,0.272,0.0,0.11900000000000001,0.376,100.001,157202.0,4.0
Treshank,4CVOUJki8YUWol3jhLphg,Power,Hardwell,0.49,0.907,5.0,-4.063,0.0,0.10800000000000001,0.00042699999999999997,0.0,0.11599999999999999,0.21,132.05700000000002,148837.0,4.0
Treshank,5lNuqFVMca4vPupY10cH0,No Promises (feat. Demi Lovato),Cheat Codes,0.7390000000000001,0.619,10.0,-6.669,1.0,0.162,0.0572,0.0,0.105,0.58,112.961,222787.0,4.0
Treshank,7IWTIkiWGWNQyYfOLdMrG,Burn Out (feat. Dewain Whitmore),Martin Garrix,0.594,0.722,4.0,-5.751,0.0,0.0398,0.0156,0.0,0.0667,0.40700000000000003,127.87700000000001,200322.0,4.0
Treshank,0DhkTGjEaIHaSxTfC14BF,Lullaby,R3HAB,0.626,0.8,1.0,-3.988,0.0,0.035,0.0267,0.000138,0.0623,0.258,127.96600000000001,160184.0,4.0
Treshank,23L5CiUhw2jV1OIMwthR3,In the Name of Love,Martin Garrix,0.501,0.519,4.0,-5.88,0.0,0.0409,0.109,0.0,0.45399999999999996,0.168,133.99,195707.0,4.0
Treshank,7Fv8Qp3tTSbSS2VjryUF7,Revolution,The Score,0.574,0.833,8.0,-6.239,0.0,0.0563,0.0611,0.0,0.105,0.574,86.008,231987.0,4.0
Treshank,1hZk9dktp4yRFTm0Trycu,If I Lose Myself - Alesso vs OneRepublic,OneRepublic,0.523,0.782,2.0,-4.846,1.0,0.040999999999999995,0.21899999999999997,1.0300000000000001e-05,0.133,0.16399999999999998,125.99799999999999,214813.0,4.0
Treshank,7GqWnsKhMtEW0nzki5o0d,Killer Queen - Remastered 2011,Queen,0.535,0.65,10.0,-6.327999999999999,1.0,0.0554,0.379,0.0,0.14,0.61,117.18799999999999,179600.0,4.0
Treshank,1fu5IQSRgPxJL2OTP7FVL,I See Fire,Ed Sheeran,0.633,0.0519,10.0,-21.107,0.0,0.0365,0.562,0.0,0.09699999999999999,0.204,76.03399999999999,300747.0,4.0
Treshank,1Nj2oBISdFDSF8eDuXcAL,Start Again (feat. Logic),OneRepublic,0.564,0.722,1.0,-5.59,0.0,0.124,0.162,0.0,0.0931,0.276,99.083,165627.0,4.0
Treshank,2Gl0FzuLxflY6nPifJp5D,First Time,Kygo,0.633,0.5920000000000001,0.0,-7.245,0.0,0.11199999999999999,0.19699999999999998,0.0,0.099,0.679,90.066,193511.0,4.0
Treshank,6rrKbzJGGDlSZgLphopS4,Unstoppable,The Score,0.485,0.843,1.0,-3.9930000000000003,0.0,0.0467,0.0012900000000000001,1.01e-05,0.14,0.602,78.001,192107.0,4.0
Treshank,6NaBDHz9C7Uz9Z9CwLXQi,Bleeding Out,Imagine Dragons,0.299,0.754,5.0,-4.078,0.0,0.0732,0.0195,1.3e-06,0.10300000000000001,0.295,169.373,221053.0,4.0
Treshank,5d41vXH0zvpwUrHrmqKqD,Love,Imagine Dragons,0.6970000000000001,0.507,8.0,-6.178,1.0,0.04,0.0535,1.19e-06,0.0469,0.382,82.48299999999999,166360.0,4.0
Treshank,4NzMOnvSJVNKF7nw5NkXI,bury a friend,Billie Eilish,0.905,0.389,8.0,-14.505,1.0,0.332,0.74,0.162,0.106,0.196,120.046,193143.0,4.0
Treshank,4HuHoYjNcbGIHFpRVbRj2,Pump It,Black Eyed Peas,0.647,0.925,9.0,-3.157,1.0,0.17600000000000002,0.00949,0.0,0.564,0.753,153.66899999999998,213613.0,4.0
Treshank,4XYsx8ga3fGwEFOOcauPZ,Return of the Tres,Delinquent Habits,0.725,0.8,1.0,-6.829,0.0,0.111,9.120000000000001e-05,0.00271,0.0951,0.47100000000000003,100.609,254640.0,4.0
Treshank,5vdp5UmvTsnMEMESIF2Ym,Another One Bites The Dust - Remastered 2011,Queen,0.9329999999999999,0.528,5.0,-6.472,0.0,0.161,0.11199999999999999,0.312,0.163,0.754,109.96700000000001,214653.0,4.0
Treshank,7h2yhVxcZOGyQdOwD4Hu8,I Want To Break Free - Remastered 2011,Queen,0.795,0.433,4.0,-8.927,1.0,0.0324,0.0853,0.00028399999999999996,0.0762,0.6,108.947,258013.0,4.0
Treshank,7ccI9cStQbQdystvc6Tvx,We Are The Champions - Remastered 2011,Queen,0.268,0.45899999999999996,7.0,-6.9479999999999995,0.0,0.0346,0.37799999999999995,0.0,0.11900000000000001,0.172,64.223,179200.0,4.0
Tushar,3bnVBN67NBEzedqQuWrpP,Tear in My Heart,Twenty One Pilots,0.655,0.632,2.0,-4.802,1.0,0.0489,0.0189,0.0,0.0722,0.447,120.113,188493.0,4.0
Tushar,1KGzuR5mFeX4HqpnbWSFq,Chlorine,Twenty One Pilots,0.609,0.674,10.0,-7.388,0.0,0.0548,0.0735,0.06,0.345,0.315,90.009,324467.0,4.0
Tushar,1rqqCSm0Qe4I9rUvWncao,High Hopes,Panic! At The Disco,0.579,0.904,5.0,-2.7289999999999996,1.0,0.0618,0.193,0.0,0.064,0.6809999999999999,82.014,190947.0,4.0
Tushar,60a0Rd6pjrkxjPbaKzXjf,In the End,Linkin Park,0.556,0.8640000000000001,3.0,-5.87,0.0,0.0584,0.00958,0.0,0.209,0.4,105.14299999999999,216880.0,4.0
Tushar,2P61EK6DMGyVyssLWS4fK,Lane Boy,Twenty One Pilots,0.616,0.8109999999999999,7.0,-4.803999999999999,1.0,0.0626,0.0573,1.57e-05,0.0566,0.9129999999999999,159.929,253093.0,4.0
Tushar,1s9xuJxhYM0LdVqksjegc,Fairly Local,Twenty One Pilots,0.715,0.723,6.0,-5.992999999999999,0.0,0.0569,0.0396,8.57e-05,0.084,0.479,114.985,207160.0,4.0
Tushar,40sRwFjfrRnaTdYPJIg4C,Hometown,Twenty One Pilots,0.6829999999999999,0.753,2.0,-5.564,0.0,0.0317,0.0577,0.0020800000000000003,0.35700000000000004,0.389,120.03,234947.0,4.0
Tushar,4Oyl6oYSNeeZZP0OAxPVa,Message Man,Twenty One Pilots,0.715,0.838,2.0,-6.077000000000001,0.0,0.11800000000000001,0.0897,0.0,0.15,0.49700000000000005,120.007,240080.0,4.0
Tushar,7GDDxCiTyiQuC1kig8AqF,Next Year - RAC Remix,Two Door Cinema Club,0.731,0.73,7.0,-6.728,1.0,0.0489,0.28,0.0,0.08800000000000001,0.397,123.051,286093.0,4.0
Tushar,3CRDbSIZ4r5MsZ0YwxuEk,Stressed Out,Twenty One Pilots,0.7340000000000001,0.637,4.0,-5.6770000000000005,0.0,0.141,0.0462,2.2899999999999998e-05,0.0602,0.648,169.977,202333.0,4.0
Tushar,5L79aNYCTKiZq7vaOElXY,"Gone, Gone, Gone",Phillip Phillips,0.664,0.642,6.0,-5.961,1.0,0.038,0.129,0.0,0.114,0.501,118.00200000000001,209693.0,4.0
Tushar,6t6oULCRS6hnI7rm0h5gw,Some Nights,fun.,0.672,0.738,0.0,-7.045,1.0,0.0506,0.0178,6.75e-05,0.0927,0.392,107.93799999999999,277040.0,4.0
Tushar,70mHIUa4beJjFpBNyHYwT,Taste The Feeling (Avicii Vs. Conrad Sewell),Avicii,0.633,0.79,6.0,-4.529,1.0,0.0539,0.0335,0.0,0.0626,0.5579999999999999,89.93299999999999,191066.0,4.0
Tushar,0Zbbxnx4SGGHoIow4PpIS,Stargazing,Kygo,0.677,0.49700000000000005,5.0,-5.763,1.0,0.0809,0.152,0.0,0.0911,0.419,99.137,236853.0,4.0
Tushar,1LrrehEWmldzxiqqRIuik,Fade,Egyptian,0.584,0.6679999999999999,11.0,-7.885,1.0,0.031,0.0035399999999999997,2.9999999999999997e-05,0.11,0.214,89.964,182667.0,4.0
Tushar,0e7ipj03S05BNilyu5bRz,rockstar (feat. 21 Savage),Post Malone,0.585,0.52,5.0,-6.136,0.0,0.0712,0.124,7.01e-05,0.131,0.129,159.80100000000002,218147.0,4.0
Tushar,05sCp83gcMm1iecYydKJS,Let's Hurt Tonight,OneRepublic,0.359,0.713,5.0,-4.526,1.0,0.0366,0.33,0.0,0.324,0.272,61.519,194520.0,4.0
Tushar,6dVa7xk5dOoT6pOkDw1TM,Brother,Kodaline,0.493,0.636,10.0,-5.894,1.0,0.049,0.341,0.0,0.201,0.228,120.13600000000001,201980.0,4.0
Tushar,6ZahaGPhyiXTi1pLEtGM6,Sweet Little Lies,bülow,0.648,0.727,0.0,-3.7910000000000004,1.0,0.142,0.22899999999999998,0.0,0.17,0.6890000000000001,160.024,175067.0,4.0
Tushar,1snWlbcbgQpJfknoI30DW,Darkside,Alan Walker,0.425,0.642,4.0,-5.06,0.0,0.0502,0.16399999999999998,0.0,0.11800000000000001,0.11199999999999999,170.00799999999998,211867.0,4.0
Tushar,6Sq3AiBZZEfiF21x6ESrI,Good Time - R3HAB Remix,Ocean Park Standoff,0.507,0.813,0.0,-5.7,0.0,0.0494,0.009179999999999999,0.0,0.259,0.501,145.195,186207.0,4.0
Tushar,53CJANUxooaqGOtdsBTh7,Old Town Road,Lil Nas X,0.9079999999999999,0.517,1.0,-6.063,1.0,0.129,0.0361,1.73e-06,0.0949,0.47100000000000003,136.019,113013.0,4.0
Tushar,5Y1gZ4zoQBwmzu1KXXlTB,A Capella,Chase Goehring,0.636,0.6809999999999999,6.0,-6.3389999999999995,0.0,0.084,0.16399999999999998,1.18e-06,0.16699999999999998,0.308,121.93299999999999,303263.0,4.0
Tushar,76t5B0ttSAje5KHmQbv88,Treat You Better,Shawn Mendes,0.6829999999999999,0.797,10.0,-4.085,0.0,0.24600000000000002,0.107,0.0,0.114,0.758,82.916,187973.0,4.0
Tushar,16pwlVsypm4aDKMhXdOuX,Animals,Maroon 5,0.27899999999999997,0.742,4.0,-6.46,0.0,0.0898,0.000185,0.0,0.593,0.32799999999999996,189.868,231013.0,4.0
Tushar,1dNIEtp7AY3oDAKCGg2Xk,Something Just Like This,The Chainsmokers,0.607,0.649,11.0,-6.695,0.0,0.0362,0.0306,2.46e-05,0.174,0.505,102.99600000000001,247627.0,4.0
Tushar,0OlnLZY4cmQzT6ZGttvWB,So Far Away (feat. Jamie Scott & Romy Dya),Martin Garrix,0.526,0.52,6.0,-7.985,0.0,0.0569,0.435,0.0,0.19699999999999998,0.13,149.119,183637.0,4.0
Tushar,2jTidefcsTu6VQhpIImJr,All I Want,Kodaline,0.209,0.41200000000000003,0.0,-9.732999999999999,1.0,0.0443,0.172,0.15,0.0843,0.162,86.26,305747.0,3.0
Tushar,5p7ujcrUXASCNwRaWNHR1,Without Me,Halsey,0.752,0.488,6.0,-7.05,1.0,0.0705,0.297,9.11e-06,0.0936,0.5329999999999999,136.041,201661.0,4.0
Tushar,7MXVkk9YMctZqd1Srtv4M,Starboy,The Weeknd,0.679,0.5870000000000001,7.0,-7.015,1.0,0.276,0.141,6.35e-06,0.13699999999999998,0.486,186.003,230453.0,4.0
Tushar,7K5kHLi614BVTBjSVfZeA,Give Me Love,Ed Sheeran,0.363,0.326,1.0,-9.877,1.0,0.0637,0.696,0.0,0.11,0.114,172.202,526387.0,3.0
Tushar,4YutJsNwBBInE8vemufpQ,"Girl Crush - Recorded at Metropolis Studios, London",Harry Styles,0.46799999999999997,0.19699999999999998,4.0,-11.727,1.0,0.033,0.6579999999999999,0.0,0.109,0.249,144.21200000000002,243805.0,3.0
Tushar,0OfWWLuvOlSUypuhLgWtX,Sail Away Sweet Sister - Remastered 2011,Queen,0.512,0.5,9.0,-6.937,1.0,0.0282,0.828,0.0,0.0907,0.196,80.075,213427.0,4.0
Tushar,3ebXMykcMXOcLeJ9xZ17X,Scared to Be Lonely,Martin Garrix,0.584,0.54,1.0,-7.7860000000000005,0.0,0.0576,0.0895,0.0,0.261,0.195,137.972,220883.0,4.0
Tushar,0ct6r3EGTcMLPtrXHDvVj,The Nights,Avicii,0.527,0.835,6.0,-5.297999999999999,1.0,0.0433,0.0166,0.0,0.249,0.654,125.98299999999999,176658.0,4.0
Tushar,4RXpgGM7A4Hg7cFBoH5Ky,Hey Brother,Avicii,0.545,0.78,7.0,-4.867,0.0,0.0436,0.0309,4.6399999999999996e-05,0.0828,0.45799999999999996,125.014,255093.0,4.0
Tushar,7BqBn9nzAq8spo5e7cZ0d,Just the Way You Are,Bruno Mars,0.637,0.843,5.0,-5.412999999999999,1.0,0.0432,0.0151,0.0,0.0876,0.434,109.012,220733.0,4.0
Tushar,1ahVFh0ViDZr8LvkEVlq3,No Sleep (feat. Bonn),Martin Garrix,0.44,0.635,11.0,-6.385,1.0,0.0326,0.129,0.0,0.121,0.327,128.13299999999998,207095.0,4.0
Tushar,3KkXRkHbMCARz0aVfEt68,Sunflower - Spider-Man: Into the Spider-Verse,Post Malone,0.76,0.479,2.0,-5.574,1.0,0.0466,0.556,0.0,0.0703,0.9129999999999999,89.911,158040.0,4.0
Tushar,6h5PAsRni4IRlxWr6uDPT,More Than You Know,Axwell /\ Ingrosso,0.6459999999999999,0.741,5.0,-4.973,0.0,0.034,0.0275,0.0,0.312,0.5710000000000001,123.07700000000001,203000.0,4.0
Tushar,4pBykn8eWxl3O9JvIHZXj,United,Armin van Buuren,0.643,0.9570000000000001,1.0,-5.026,1.0,0.0892,0.0565,0.841,0.0763,0.281,138.07299999999998,217391.0,4.0
Tushar,5yVIlYEHZxQVLyInCdldo,Impossible,James Arthur,0.376,0.696,0.0,-4.785,0.0,0.0949,0.141,0.0,0.11,0.303,169.515,209440.0,4.0
Tushar,2K87XMYnUMqLcX3zvtAF4,Drag Me Down,One Direction,0.73,0.703,0.0,-5.672000000000001,0.0,0.0369,0.109,0.0,0.0657,0.595,138.113,192120.0,4.0
Tushar,1o4XQ7tYJrDxgEpJufbOI,Stay The Night - Featuring Hayley Williams Of Paramore,Zedd,0.595,0.736,8.0,-3.115,1.0,0.0406,0.11599999999999999,0.0,0.0931,0.506,127.956,217347.0,4.0
Tushar,4ut5G4rgB1ClpMTMfjoIu,High On Life (feat. Bonn),Martin Garrix,0.414,0.486,6.0,-6.431,0.0,0.0311,0.0129,0.0,0.111,0.368,128.03799999999998,230762.0,4.0
Tushar,4n7jnSxVLd8QioibtTDBD,On My Way,Alan Walker,0.509,0.6890000000000001,1.0,-4.928999999999999,0.0,0.102,0.0209,0.0,0.301,0.297,170.08700000000002,193798.0,4.0
Tushar,4VL2XUsn5dHQYdf5nPHGd,Best Song Ever,One Direction,0.654,0.877,1.0,-2.988,1.0,0.045,0.025,0.0,0.0699,0.561,118.499,202440.0,4.0
Tushar,7cFFhb9Wz2ZXLSpEk2VDK,Way Up,Jaden,0.585,0.941,10.0,-3.278,0.0,0.145,0.03,8.41e-06,0.196,0.45,130.024,153773.0,4.0
Tushar,1ny5puGJQ4r7sMvazXCls,Kids,OneRepublic,0.598,0.737,2.0,-6.169,1.0,0.0406,0.0159,0.0,0.284,0.2,99.991,238387.0,4.0
Tushar,37sINbJZcFdHFAsVNsPq1,Superheroes,The Script,0.491,0.885,3.0,-4.121,1.0,0.0395,0.0021899999999999997,0.0,0.0741,0.6409999999999999,166.99200000000002,245467.0,4.0
Tushar,41Ypl7Pzkod2H0VlcZH5D,Me And My Broken Heart,Rixton,0.544,0.768,5.0,-4.655,0.0,0.0342,0.00611,0.0,0.255,0.54,174.08,193975.0,4.0
Tushar,4zztp85oS36ijgAWwyhX8,Royals,Lorde,0.6759999999999999,0.429,7.0,-9.582,1.0,0.136,0.11800000000000001,0.0,0.135,0.321,84.822,190185.0,4.0
Tushar,3U4isOIWM3VvDubwSI3y7,All of Me,John Legend,0.42200000000000004,0.264,8.0,-7.064,1.0,0.0322,0.922,0.0,0.132,0.331,119.93,269560.0,4.0
Tushar,3tCwjWLicbjsMCvXhN0WO,Rude,MAGIC!,0.743,0.807,1.0,-3.78,1.0,0.0364,0.0435,0.0,0.309,0.899,144.062,224773.0,4.0
Tushar,6MWtB6iiXyIwun0YzU6DF,Wow.,Post Malone,0.833,0.539,11.0,-7.399,0.0,0.17800000000000002,0.163,2.1000000000000002e-06,0.10099999999999999,0.385,99.947,149520.0,4.0
Tushar,3swc6WTsr7rl9DqQKQA55,Psycho (feat. Ty Dolla $ign),Post Malone,0.75,0.56,8.0,-8.094,1.0,0.105,0.546,0.0,0.111,0.45899999999999996,140.06,221440.0,4.0
Tushar,5lMgUPtlARalVIGxl0xE3,FOOLS,Troye Sivan,0.292,0.6779999999999999,10.0,-5.595,1.0,0.0724,0.192,0.0,0.146,0.365,87.436,220403.0,4.0
Tushar,23L5CiUhw2jV1OIMwthR3,In the Name of Love,Martin Garrix,0.501,0.519,4.0,-5.88,0.0,0.0409,0.109,0.0,0.45399999999999996,0.168,133.99,195707.0,4.0
Tushar,6nDKrPlXdpomGBgAlO7Ud,SOS,Avicii,0.802,0.645,5.0,-6.181,0.0,0.0715,0.272,0.0,0.11900000000000001,0.376,100.001,157202.0,4.0
Tushar,5up5uXChMJLKyuop9HwtC,Shotgun (The Wild Remix),George Ezra,0.588,0.757,5.0,-2.415,1.0,0.0716,0.327,0.0,0.32299999999999995,0.836,122.81299999999999,191650.0,4.0
Tushar,2xkrujtSjZz7EKAYGbIIz,Blah Blah Blah,Armin van Buuren,0.612,0.963,5.0,-3.912,0.0,0.0531,0.00897,0.0037799999999999995,0.294,0.179,138.009,183519.0,4.0
Tushar,0DhkTGjEaIHaSxTfC14BF,Lullaby,R3HAB,0.626,0.8,1.0,-3.988,0.0,0.035,0.0267,0.000138,0.0623,0.258,127.96600000000001,160184.0,4.0
Tushar,0SA903LGHxe4ExdRY2SqV,Killer Queen,5 Seconds of Summer,0.262,0.789,10.0,-4.548,1.0,0.12300000000000001,0.004220000000000001,0.0,0.325,0.48700000000000004,171.00900000000001,199357.0,3.0
Tushar,5uCax9HTNlzGybIStD3vD,Say You Won't Let Go,James Arthur,0.358,0.557,10.0,-7.398,1.0,0.059000000000000004,0.695,0.0,0.0902,0.494,85.04299999999999,211467.0,4.0
Tushar,7iAqvWLgZzXvH38lA06QZ,I Want To Break Free,Queen,0.807,0.414,4.0,-8.902999999999999,1.0,0.0352,0.105,2.57e-05,0.0813,0.502,108.944,223080.0,4.0
Tushar,3z8h0TU7ReDPLIbEnYhWZ,Bohemian Rhapsody,Queen,0.39,0.397,0.0,-9.963,0.0,0.0513,0.287,0.0,0.207,0.24600000000000002,144.031,354947.0,4.0
Tushar,1qlCjzyib3wt99XKcTeQk,Play It Cool,Steve Aoki,0.812,0.805,9.0,-3.83,0.0,0.243,0.00677,0.0,0.0833,0.568,119.958,169812.0,4.0
Tushar,3zkWCteF82vJwv0hRLba7,Stitches,Shawn Mendes,0.746,0.754,1.0,-6.684,1.0,0.0676,0.0152,0.0,0.0486,0.746,149.882,206880.0,4.0
Tushar,0HPD5WQqrq7wPWR7P7Dw1,TiK ToK,Kesha,0.755,0.8370000000000001,2.0,-2.718,0.0,0.142,0.0991,0.0,0.289,0.7140000000000001,120.02799999999999,199693.0,4.0
Tushar,1YYhDizHx7PnDhAhko6cD,"Take Me Home, Country Roads",John Denver,0.462,0.395,9.0,-9.376,1.0,0.0264,0.758,0.0,0.121,0.625,82.259,190160.0,4.0
Tushar,1XGmzt0PVuFgQYYnV2It7,Payphone,Maroon 5,0.743,0.752,4.0,-4.813,1.0,0.0414,0.0188,0.0,0.287,0.545,110.015,231173.0,4.0
Tushar,4mNGNMcsoMS6F9SGycmHW,Lonely,Akon,0.624,0.5720000000000001,5.0,-7.531000000000001,0.0,0.0352,0.322,0.0,0.314,0.57,90.06700000000001,235493.0,4.0
Tushar,01hju6ox1oszJljechxkJ,Brand New Day,Massari,0.794,0.872,1.0,-3.327,1.0,0.0334,0.0623,4.66e-06,0.047,0.608,128.011,201965.0,4.0
Tushar,4QNpBfC0zvjKqPJcyqBy9,"Give Me Everything (feat. Ne-Yo, Afrojack & Nayer)",Pitbull,0.6709999999999999,0.9390000000000001,8.0,-3.2060000000000004,1.0,0.161,0.192,0.0,0.298,0.529,129.023,252307.0,4.0
Tushar,2Foc5Q5nqNiosCNqttzHo,Get Lucky (feat. Pharrell Williams & Nile Rodgers) - Radio Edit,Daft Punk,0.794,0.8109999999999999,6.0,-8.966000000000001,0.0,0.038,0.0426,1.07e-06,0.10099999999999999,0.862,116.04700000000001,248413.0,4.0
Tushar,2GgxS8bUT5G25QJTsfSv0,Burn,Ellie Goulding,0.5589999999999999,0.777,1.0,-5.031000000000001,1.0,0.0432,0.31,0.0,0.105,0.32899999999999996,87.016,231212.0,4.0
Tushar,7GJClzimvMSghjcrKxuf1,Budapest,George Ezra,0.7140000000000001,0.451,5.0,-8.267999999999999,1.0,0.0276,0.0883,0.0,0.10800000000000001,0.406,127.787,200720.0,4.0
Tushar,4L0I8YVCrlPCk80ksEPBm,"Boom Clap - From ""The Fault in Our Stars""",2 Joy,0.632,0.6729999999999999,9.0,-5.121,1.0,0.228,0.141,0.0,0.531,0.43700000000000006,184.237,169293.0,4.0
Tushar,1u8c2t2Cy7UBoG4ArRcF5,Blank Space,Taylor Swift,0.76,0.703,5.0,-5.412000000000001,1.0,0.054000000000000006,0.10300000000000001,0.0,0.0913,0.57,95.99700000000001,231827.0,4.0
Tushar,75PbbMMmHQwE93FYcS4PG,She Doesn't Mind,Sean Paul,0.7190000000000001,0.777,7.0,-5.225,0.0,0.0643,0.0005610000000000001,9.4e-06,0.20600000000000002,0.596,119.99700000000001,227787.0,4.0
Tushar,4fXGWiVhlOLdhwRDP6pIF,Lemon Tree,Fools Garden,0.6629999999999999,0.475,1.0,-8.834,1.0,0.0417,0.643,0.0,0.122,0.644,143.175,191027.0,4.0
Tushar,49eplIHvgCLY8HAgcaWrU,Fireball (feat. John Ryan),Pitbull,0.69,0.937,10.0,-5.393,1.0,0.0642,0.0894,0.00010400000000000001,0.0532,0.794,122.95100000000001,235012.0,4.0
Tushar,4rHZZAmHpZrA3iH5zx8fr,Mirrors,Justin Timberlake,0.574,0.512,5.0,-6.664,0.0,0.0503,0.23399999999999999,0.0,0.0946,0.512,76.899,484147.0,4.0
Tushar,75IN3CtuZwTHTnZvYM4qn,My Name Is,Eminem,0.8690000000000001,0.68,1.0,-6.233,1.0,0.318,0.0416,1.12e-06,0.0914,0.815,85.51899999999999,268400.0,4.0
Tushar,4OQfIweaFWNTT5NkJ04tx,Titanium,David Guetta,0.585,0.747,0.0,-4.968999999999999,0.0,0.106,0.0703,0.317,0.13,0.247,126.071,246027.0,4.0
Tushar,6YUTL4dYpB9xZO5qExPf0,Summer,Calvin Harris,0.596,0.856,4.0,-3.556,0.0,0.0346,0.0211,0.0178,0.141,0.743,127.949,222533.0,4.0
Tushar,34oFblvtTvOwbBbFks85x,Seasons,Olly Murs,0.633,0.8170000000000001,7.0,-4.495,0.0,0.0663,0.0754,0.0,0.256,0.584,91.96799999999999,217253.0,4.0
Tushar,7ElF5zxOwYP4qVSWVvse3,Break Your Heart,Taio Cruz,0.607,0.934,3.0,-4.217,1.0,0.0314,0.0327,0.0,0.0909,0.568,122.01,201547.0,4.0
Tushar,5prYtZySjRc5hidsYjeMm,Am I Wrong - Original,Nico,0.732,0.6729999999999999,5.0,-9.39,0.0,0.0394,0.182,0.47,0.39,0.631,124.009,271621.0,4.0
Tushar,0ug5NqcwcFR2xrfTkc7k8,Style,Taylor Swift,0.588,0.7909999999999999,7.0,-5.595,1.0,0.0402,0.00245,0.0025800000000000003,0.11800000000000001,0.48700000000000004,94.93299999999999,231000.0,4.0
Tushar,2KH16WveTQWT6KOG9Rg6e,Eye of the Tiger,Survivor,0.8170000000000001,0.599,0.0,-9.249,0.0,0.0328,0.132,0.00031099999999999997,0.0873,0.5479999999999999,108.87299999999999,245640.0,4.0
Tushar,5x6gLNAiAnDWxcLzUr0IR,The Night Is Young,The Summer Set,0.596,0.892,0.0,-3.167,1.0,0.0329,0.026000000000000002,0.0,0.1,0.381,111.01100000000001,225827.0,4.0
Tushar,3B7udSGy2PfgoCniMSb52,"I See Fire - From ""The Hobbit - The Desolation Of Smaug""",Ed Sheeran,0.581,0.0549,10.0,-20.514,0.0,0.0397,0.5589999999999999,0.0,0.0718,0.23399999999999999,152.037,300840.0,4.0
Tushar,47NPaSCdEVqrO0GapAbK2,The A Team,Ed Sheeran,0.617,0.231,9.0,-12.814,1.0,0.040999999999999995,0.64,0.0,0.11199999999999999,0.39799999999999996,84.911,261027.0,4.0
Tushar,6XLww4MprrLCvWpVXD9K7,Photograph,Ed Sheeran,0.715,0.387,4.0,-10.53,1.0,0.0343,0.617,0.0008539999999999999,0.1,0.183,108.04,256293.0,4.0
Tushar,2jyjhRf6DVbMPU5zxagN2,Let Her Go,Passenger,0.509,0.5379999999999999,7.0,-7.335,1.0,0.0572,0.385,0.0,0.10400000000000001,0.244,75.089,252867.0,4.0
Tushar,3oEHQmhvFLiE7ZYES0ulz,"My Heart Will Go On - Love Theme from ""Titanic""",Céline Dion,0.428,0.276,4.0,-11.729000000000001,1.0,0.0312,0.732,5.33e-06,0.11699999999999999,0.0382,99.195,280000.0,1.0
Tushar,5d41vXH0zvpwUrHrmqKqD,Love,Imagine Dragons,0.6970000000000001,0.507,8.0,-6.178,1.0,0.04,0.0535,1.19e-06,0.0469,0.382,82.48299999999999,166360.0,4.0
Tushar,1uRBbjQ3uNFXCncWyNomH,Only,Imagine Dragons,0.691,0.8029999999999999,9.0,-5.029,1.0,0.0355,0.015,0.0,0.0862,0.424,104.99700000000001,180733.0,4.0
Tushar,1WQFOwtI6EfsvRz7wcDbQ,Gold,Imagine Dragons,0.41600000000000004,0.45899999999999996,9.0,-6.814,0.0,0.0317,0.0801,0.006529999999999999,0.0551,0.28600000000000003,164.929,216813.0,3.0
Vaibhav,5KawlOMHjWeUjQtnuRs22,Boy With Luv (feat. Halsey),BTS,0.645,0.862,11.0,-4.757,0.0,0.0965,0.0923,0.0,0.192,0.7979999999999999,119.991,229773.0,4.0
Vaibhav,4saklk6nie3yiGePpBwUo,Dynamite,BTS,0.746,0.765,6.0,-4.41,0.0,0.0993,0.0112,0.0,0.0936,0.737,114.044,199054.0,4.0
Vaibhav,4DpNNXFMMxQEKl7r0ykkW,Play Date,Melanie Martinez,0.68,0.7290000000000001,5.0,-5.077,1.0,0.0475,0.612,0.0,0.22399999999999998,0.446,123.97,179867.0,4.0
Vaibhav,44AyOl4qVkzS48vBsbNXa,Can't Help Falling in Love,Elvis Presley,0.396,0.293,2.0,-14.062000000000001,1.0,0.0275,0.941,0.000196,0.105,0.34299999999999997,100.307,182360.0,3.0
Vaibhav,2RttW7RAu5nOAfq6YFvAp,Happier,Ed Sheeran,0.522,0.385,0.0,-7.355,1.0,0.0288,0.536,0.0,0.135,0.23600000000000002,89.792,207520.0,4.0
Vaibhav,7BKLCZ1jbUBVqRi2FVlTV,Closer,The Chainsmokers,0.748,0.524,8.0,-5.599,1.0,0.0338,0.414,0.0,0.111,0.6609999999999999,95.01,244960.0,4.0
Vaibhav,6xZ4Q2k2ompmDppyeESIY,Level of Concern,Twenty One Pilots,0.754,0.583,4.0,-7.34,0.0,0.0432,0.32,0.00015,0.14400000000000002,0.77,122.012,220051.0,4.0
Vaibhav,08bNPGLD8AhKpnnERrAc6,FRIENDS,Marshmello,0.626,0.88,9.0,-2.384,0.0,0.0504,0.205,0.0,0.128,0.534,95.079,202621.0,4.0
Vaibhav,6V1bu6o1Yo5ZXnsCJU8Ov,Girls Like You (feat. Cardi B),Maroon 5,0.851,0.541,0.0,-6.825,1.0,0.0505,0.568,0.0,0.13,0.44799999999999995,124.959,235545.0,4.0
Vaibhav,2hrUO4drrO63i7FYbCLBl,Rockabye (feat. Sean Paul & Anne-Marie),Clean Bandit,0.7170000000000001,0.73,9.0,-4.729,0.0,0.0568,0.38299999999999995,0.0,0.39799999999999996,0.792,102.00200000000001,251173.0,4.0
Vaibhav,2dpaYNEQHiRxtZbfNsse9,Happier,Marshmello,0.687,0.792,5.0,-2.7489999999999997,1.0,0.0452,0.191,0.0,0.16699999999999998,0.6709999999999999,100.015,214290.0,4.0
Vaibhav,7EYv3adMrIC5mqurz7fHh,Superhero,Unknown Brain,0.669,0.937,8.0,-4.053999999999999,0.0,0.0714,0.027999999999999997,1.7899999999999998e-05,0.318,0.223,75.013,179225.0,4.0
Vaibhav,6iEDVsbUBGckKhuSBD3Eq,"Love Me Like You Do - From ""Fifty Shades Of Grey""",Ellie Goulding,0.258,0.659,5.0,-5.903,0.0,0.0596,0.253,0.0,0.111,0.272,189.558,250267.0,4.0
Vaibhav,2b8fOow8UzyDFAE27YhOZ,Memories,Maroon 5,0.764,0.32,11.0,-7.209,1.0,0.0546,0.8370000000000001,0.0,0.0822,0.575,91.01899999999999,189486.0,4.0
Vaibhav,3CKCZ9pfwAfoMZlMncA1N,Set Fire to the Rain,Adele,0.61,0.6829999999999999,2.0,-3.8789999999999996,0.0,0.0253,0.0038200000000000005,1.79e-06,0.125,0.466,108.00299999999999,241693.0,4.0
Vaibhav,1X1DWw2pcNZ8zSub3uhlN,Hall of Fame (feat. will.i.am),The Script,0.42100000000000004,0.873,10.0,-4.343,1.0,0.0565,0.0653,0.0,0.12300000000000001,0.63,84.803,202533.0,4.0
Vaibhav,44n97yHySt0Z9rqPaXgjC,Sorry,Halsey,0.513,0.25,5.0,-9.376,0.0,0.0367,0.9129999999999999,0.0,0.11699999999999999,0.35100000000000003,74.10300000000001,220541.0,4.0
Vaibhav,6jin465re80co3DeK8hsn,Remember The Name (feat. Eminem & 50 Cent),Ed Sheeran,0.852,0.6659999999999999,11.0,-6.922999999999999,0.0,0.184,0.135,0.0,0.7979999999999999,0.726,91.046,207760.0,4.0
Vaibhav,5Z3GHaZ6ec9bsiI5Benrb,Young Dumb & Broke,Khalid,0.7979999999999999,0.539,1.0,-6.351,1.0,0.0421,0.19899999999999998,1.66e-05,0.165,0.39399999999999996,136.94899999999998,202547.0,4.0
Vaibhav,7Fv8Qp3tTSbSS2VjryUF7,Revolution,The Score,0.574,0.833,8.0,-6.239,0.0,0.0563,0.0611,0.0,0.105,0.574,86.008,231987.0,4.0
Vaibhav,66CFbqJScx6zRieGllITc,See You Again (feat. Charlie Puth),Wiz Khalifa,0.6890000000000001,0.48100000000000004,10.0,-7.502999999999999,1.0,0.0815,0.369,1.03e-06,0.0649,0.28300000000000003,80.025,229526.0,4.0
Vaibhav,6b8Be6ljOzmkOmFslEb23,24K Magic,Bruno Mars,0.818,0.8029999999999999,1.0,-4.282,1.0,0.0797,0.034,0.0,0.153,0.632,106.97,225983.0,4.0
Vaibhav,2M9ULmQwTaTGmAdXaXpfz,Billionaire (feat. Bruno Mars),Travie McCoy,0.633,0.6729999999999999,6.0,-6.403,0.0,0.258,0.297,0.0,0.20600000000000002,0.659,86.77600000000001,211160.0,4.0
Vaibhav,5Z01UMMf7V1o0MzF86s6W,"Lose Yourself - From ""8 Mile"" Soundtrack",Eminem,0.6920000000000001,0.7440000000000001,2.0,-4.565,1.0,0.257,0.00868,0.00042300000000000004,0.359,0.0612,171.37400000000002,326467.0,4.0
Vaibhav,2RSHsoi04658QL5xgQVov,Bad Liar,Imagine Dragons,0.38299999999999995,0.637,3.0,-6.992999999999999,1.0,0.0703,0.0722,0.0,0.368,0.0827,177.91299999999998,260773.0,4.0
Vaibhav,0uB0a0FmuW3DZmfzG0ORl,Heathens,Twenty One Pilots,0.732,0.396,4.0,-9.347999999999999,0.0,0.0286,0.0841,3.5799999999999996e-05,0.105,0.5479999999999999,90.024,195920.0,4.0
Vaibhav,2Z8WuEywRWYTKe1NybPQE,Ride,Twenty One Pilots,0.645,0.713,6.0,-5.355,1.0,0.0393,0.00835,0.0,0.113,0.5660000000000001,74.98899999999999,214507.0,4.0
Vaibhav,1j4kHkkpqZRBwE0A4CN4Y,Dusk Till Dawn - Radio Edit,ZAYN,0.258,0.43700000000000006,11.0,-6.593,0.0,0.039,0.10099999999999999,1.27e-06,0.106,0.0967,180.043,239000.0,4.0
Vaibhav,3bnVBN67NBEzedqQuWrpP,Tear in My Heart,Twenty One Pilots,0.655,0.632,2.0,-4.802,1.0,0.0489,0.0189,0.0,0.0722,0.447,120.113,188493.0,4.0
Vaibhav,1KGzuR5mFeX4HqpnbWSFq,Chlorine,Twenty One Pilots,0.609,0.674,10.0,-7.388,0.0,0.0548,0.0735,0.06,0.345,0.315,90.009,324467.0,4.0
Vaibhav,60a0Rd6pjrkxjPbaKzXjf,In the End,Linkin Park,0.556,0.8640000000000001,3.0,-5.87,0.0,0.0584,0.00958,0.0,0.209,0.4,105.14299999999999,216880.0,4.0
Vaibhav,3CRDbSIZ4r5MsZ0YwxuEk,Stressed Out,Twenty One Pilots,0.7340000000000001,0.637,4.0,-5.6770000000000005,0.0,0.141,0.0462,2.2899999999999998e-05,0.0602,0.648,169.977,202333.0,4.0
Vaibhav,5L79aNYCTKiZq7vaOElXY,"Gone, Gone, Gone",Phillip Phillips,0.664,0.642,6.0,-5.961,1.0,0.038,0.129,0.0,0.114,0.501,118.00200000000001,209693.0,4.0
Vaibhav,6dVa7xk5dOoT6pOkDw1TM,Brother,Kodaline,0.493,0.636,10.0,-5.894,1.0,0.049,0.341,0.0,0.201,0.228,120.13600000000001,201980.0,4.0
Vaibhav,76t5B0ttSAje5KHmQbv88,Treat You Better,Shawn Mendes,0.6829999999999999,0.797,10.0,-4.085,0.0,0.24600000000000002,0.107,0.0,0.114,0.758,82.916,187973.0,4.0
Vaibhav,2jTidefcsTu6VQhpIImJr,All I Want,Kodaline,0.209,0.41200000000000003,0.0,-9.732999999999999,1.0,0.0443,0.172,0.15,0.0843,0.162,86.26,305747.0,3.0
Vaibhav,7BqBn9nzAq8spo5e7cZ0d,Just the Way You Are,Bruno Mars,0.637,0.843,5.0,-5.412999999999999,1.0,0.0432,0.0151,0.0,0.0876,0.434,109.012,220733.0,4.0
Vaibhav,5yVIlYEHZxQVLyInCdldo,Impossible,James Arthur,0.376,0.696,0.0,-4.785,0.0,0.0949,0.141,0.0,0.11,0.303,169.515,209440.0,4.0
Vaibhav,4n7jnSxVLd8QioibtTDBD,On My Way,Alan Walker,0.509,0.6890000000000001,1.0,-4.928999999999999,0.0,0.102,0.0209,0.0,0.301,0.297,170.08700000000002,193798.0,4.0
Vaibhav,41Ypl7Pzkod2H0VlcZH5D,Me And My Broken Heart,Rixton,0.544,0.768,5.0,-4.655,0.0,0.0342,0.00611,0.0,0.255,0.54,174.08,193975.0,4.0
Vaibhav,3U4isOIWM3VvDubwSI3y7,All of Me,John Legend,0.42200000000000004,0.264,8.0,-7.064,1.0,0.0322,0.922,0.0,0.132,0.331,119.93,269560.0,4.0
Vaibhav,5uCax9HTNlzGybIStD3vD,Say You Won't Let Go,James Arthur,0.358,0.557,10.0,-7.398,1.0,0.059000000000000004,0.695,0.0,0.0902,0.494,85.04299999999999,211467.0,4.0
Vaibhav,4OQfIweaFWNTT5NkJ04tx,Titanium,David Guetta,0.585,0.747,0.0,-4.968999999999999,0.0,0.106,0.0703,0.317,0.13,0.247,126.071,246027.0,4.0
Vaibhav,2jyjhRf6DVbMPU5zxagN2,Let Her Go,Passenger,0.509,0.5379999999999999,7.0,-7.335,1.0,0.0572,0.385,0.0,0.10400000000000001,0.244,75.089,252867.0,4.0
Vaibhav,0RchWnEHETINMAyrTrlBm,Bleeding Out,Imagine Dragons,0.318,0.7490000000000001,5.0,-4.045,0.0,0.0702,0.0151,0.0,0.10300000000000001,0.336,117.905,221053.0,3.0
Vaibhav,0mtmrbRFsectINNpHdDkU,Just Imagine It,MKTO,0.6990000000000001,0.7609999999999999,10.0,-4.337,1.0,0.0457,0.0466,0.0,0.107,0.44299999999999995,120.044,250747.0,4.0
Vaibhav,7HacCTm33hZYYN8DXpCYu,I Like It,Enrique Iglesias,0.648,0.9420000000000001,10.0,-2.8810000000000002,0.0,0.0878,0.021,0.0,0.0594,0.73,129.007,231373.0,4.0
Vaibhav,6GREIx79VAYuT0DYDGTIJ,Heartbeat,Enrique Iglesias,0.5670000000000001,0.888,10.0,-3.201,1.0,0.0993,0.0228,0.0,0.27899999999999997,0.41,129.96200000000002,256227.0,4.0
Vaibhav,2WOg6FT27iLtN8wetk69n,Dirty Dancer,Enrique Iglesias,0.6509999999999999,0.9390000000000001,11.0,-3.6060000000000003,1.0,0.0774,0.00604,0.0,0.139,0.733,133.05,214453.0,4.0
Vaibhav,1YnRzw2S56QR16zhKZJMi,Why Not Me?,Enrique Iglesias,0.715,0.534,7.0,-6.534,1.0,0.0414,0.496,0.0,0.11699999999999999,0.341,99.007,219360.0,4.0
Vaibhav,6S18su3fmCpLzBsJCQWov,Somebody's Me,Enrique Iglesias,0.625,0.55,1.0,-6.916,1.0,0.0258,0.301,0.0,0.11,0.353,83.007,238467.0,4.0
Vaibhav,3cqPu20DGTGUoZtbJH2Dm,What If I Told You That I Love You,Ali Gatie,0.605,0.365,7.0,-11.144,1.0,0.111,0.63,6.83e-06,0.0554,0.22399999999999998,84.62799999999999,193668.0,4.0
Vaibhav,36tghkPg1AO4HsAzo6YpP,House of Gold,Twenty One Pilots,0.68,0.693,0.0,-7.234,1.0,0.0435,0.445,0.0,0.20800000000000002,0.851,114.948,163880.0,4.0
Vaibhav,0343bYQtSfznf6v90jRLR,Forever Young,John De Sohn,0.653,0.621,8.0,-6.045,1.0,0.0308,0.17800000000000002,0.0,0.0952,0.584,121.98,167912.0,4.0
Vaibhav,2DyCLtTrd9f2DRRDq1ngJ,Sorry,Halsey,0.447,0.257,5.0,-9.172,0.0,0.0394,0.912,0.0,0.11699999999999999,0.32,136.87,220541.0,1.0
Vaibhav,4IMMdhs18OjvvhDok5mJx,Gold,Imagine Dragons,0.41600000000000004,0.45899999999999996,9.0,-6.814,0.0,0.0317,0.0801,0.006529999999999999,0.0551,0.28600000000000003,164.929,216813.0,3.0
Vaibhav,6Qn5zhYkTa37e91HC1D7l,Whatever It Takes,Imagine Dragons,0.672,0.655,10.0,-5.021,0.0,0.0311,0.0362,0.0,0.11699999999999999,0.556,134.945,201240.0,4.0
Vaibhav,1y3bE5i57eUm3hfLAc7h0,Walking The Wire,Imagine Dragons,0.54,0.7609999999999999,4.0,-5.3389999999999995,1.0,0.0372,0.0163,0.0,0.0941,0.147,100.008,232907.0,4.0
Vaibhav,2iUXsYOEPhVqEBwsqP70r,Youngblood,5 Seconds of Summer,0.596,0.8540000000000001,7.0,-5.114,0.0,0.46299999999999997,0.0169,0.0,0.124,0.152,120.274,203418.0,4.0
Vaibhav,7qEHsqek33rTcFNT9PFqL,Someone You Loved,Lewis Capaldi,0.501,0.405,1.0,-5.678999999999999,1.0,0.0319,0.7509999999999999,0.0,0.105,0.446,109.891,182161.0,4.0
Vaibhav,0e7ipj03S05BNilyu5bRz,rockstar (feat. 21 Savage),Post Malone,0.585,0.52,5.0,-6.136,0.0,0.0712,0.124,7.01e-05,0.131,0.129,159.80100000000002,218147.0,4.0
Vaibhav,52okn5MNA47tk87PeZJLE,Let You Down,NF,0.662,0.7140000000000001,5.0,-5.68,0.0,0.121,0.312,0.0,0.179,0.46399999999999997,147.997,212120.0,4.0
Vaibhav,2oejEp50ZzPuQTQ6v54Ev,Call You Mine,The Chainsmokers,0.585,0.696,4.0,-5.6,0.0,0.0307,0.204,0.0,0.344,0.522,104.01,217640.0,4.0
Vaibhav,14sOS5L36385FJ3OL8hew,Happy Now,Kygo,0.693,0.575,9.0,-6.997999999999999,1.0,0.0801,0.374,0.0,0.252,0.49200000000000005,117.999,211362.0,4.0
Vaibhav,6rrKbzJGGDlSZgLphopS4,Unstoppable,The Score,0.485,0.843,1.0,-3.9930000000000003,0.0,0.0467,0.0012900000000000001,1.01e-05,0.14,0.602,78.001,192107.0,4.0
Vaibhav,5ZtfujhQIVRZm2RMZPQ3i,Only You,Selena Gomez,0.467,0.506,9.0,-9.271,1.0,0.028999999999999998,0.648,3.21e-05,0.128,0.218,97.132,184853.0,4.0
Vaibhav,4OffmzjuxT6e9y8E6VDG2,"Chan Kitthan (From ""Chan Kitthan"")",Ayushmann Khurrana,0.693,0.5379999999999999,5.0,-7.665,1.0,0.0278,0.355,0.0,0.10800000000000001,0.37799999999999995,95.993,269351.0,4.0
Vaibhav,6Tvzf3VEi16JMhAgOwdt2,Birds,Imagine Dragons,0.649,0.517,1.0,-7.428,0.0,0.0297,0.0146,1.63e-06,0.145,0.35,119.99700000000001,219440.0,4.0
Vaibhav,1D4PL9B8gOg78jiHg3FvB,Love Story,Taylor Swift,0.617,0.741,2.0,-3.97,1.0,0.0311,0.131,0.0,0.0772,0.306,118.984,236267.0,4.0
Vaibhav,1feANd8EfcDP5UqSvbheM,"Bekhayali (From ""Kabir Singh"")",Sachet Tandon,0.308,0.585,9.0,-5.18,0.0,0.0428,0.45,0.0,0.319,0.345,171.843,371791.0,3.0
Vaibhav,7EpZ8kdKyQM4GMJy2tj0W,Dangal,Daler Mehndi,0.618,0.867,6.0,-5.1,0.0,0.139,0.239,0.0,0.0559,0.665,178.017,299326.0,4.0
Vaibhav,1mYcukuz7uow0wc7DmPXH,Rozana,Shreya Ghoshal,0.434,0.37799999999999995,8.0,-8.7,1.0,0.028999999999999998,0.7659999999999999,0.000136,0.115,0.29100000000000004,92.98200000000001,274202.0,4.0
Vaibhav,7oVKUnaAGVgvGRGs0TQsb,Atrangi Yaari,Amitabh Bachchan,0.602,0.474,10.0,-6.3,1.0,0.0247,0.731,0.0,0.11199999999999999,0.48200000000000004,92.07,217902.0,4.0
Vaibhav,7cFuzwgbtHXmSKuCzo0qC,Lamberghini,The Doorbeen,0.9570000000000001,0.579,11.0,-7.257000000000001,1.0,0.0512,0.5,0.0,0.0737,0.856,103.98100000000001,216905.0,4.0
Vaibhav,15DrrIod12Tc2IoMaHiwl,I Bet My Life,Imagine Dragons,0.5529999999999999,0.657,1.0,-8.219,1.0,0.0405,0.335,0.000648,0.228,0.555,107.889,192707.0,4.0
Vaibhav,07FkzikE6FuHIa8Ma7zJG,Lie,NF,0.513,0.6609999999999999,5.0,-6.419,1.0,0.24,0.161,0.0,0.24600000000000002,0.179,94.791,209213.0,4.0
Vaibhav,7MXVkk9YMctZqd1Srtv4M,Starboy,The Weeknd,0.679,0.5870000000000001,7.0,-7.015,1.0,0.276,0.141,6.35e-06,0.13699999999999998,0.486,186.003,230453.0,4.0
Vaibhav,6CvTbrBxxc5jFwqsivhpx,Anziety,Logic,0.5770000000000001,0.799,1.0,-6.539,1.0,0.0721,0.326,0.0,0.11900000000000001,0.565,122.90299999999999,412560.0,4.0
Vaibhav,6XLww4MprrLCvWpVXD9K7,Photograph,Ed Sheeran,0.715,0.387,4.0,-10.53,1.0,0.0343,0.617,0.0008539999999999999,0.1,0.183,108.04,256293.0,4.0
Vaibhav,0TK2YIli7K1leLovkQiNi,Señorita,Shawn Mendes,0.759,0.54,9.0,-6.039,0.0,0.0287,0.037000000000000005,0.0,0.0945,0.75,116.947,190960.0,4.0
Vaibhav,2qHiyBpxyOXnRGG3t2iE9,"Gone, Gone, Gone",Phillip Phillips,0.664,0.642,6.0,-5.961,1.0,0.038,0.129,0.0,0.114,0.501,118.00200000000001,209693.0,4.0
Vaibhav,5tz69p7tJuGPeMGwNTxYu,1-800-273-8255,Logic,0.62,0.574,5.0,-7.787999999999999,0.0,0.0479,0.569,0.0,0.19,0.35700000000000004,100.023,250173.0,4.0
Vaibhav,4h8VwCb1MTGoLKueQ1Wgb,Wake Me Up,Avicii,0.532,0.7829999999999999,2.0,-5.697,1.0,0.0523,0.0038,0.0012,0.161,0.643,124.08,247427.0,4.0
Vaibhav,5GorCbAP4aL0EJ16frG2h,Boulevard of Broken Dreams,Green Day,0.496,0.682,8.0,-4.095,1.0,0.0294,0.005520000000000001,2.94e-05,0.0589,0.474,167.06,262333.0,4.0
Vaibhav,0o9bHFc8Lt5tZFvTjNZTN,Forever Young,John De Sohn,0.6509999999999999,0.617,8.0,-6.077000000000001,1.0,0.0309,0.179,0.0,0.113,0.591,121.977,167912.0,4.0
Vaibhav,3u1S1OmAUhx5DRlLrXqyp,Rise,Jonas Blue,0.69,0.784,1.0,-4.6530000000000005,1.0,0.032,0.32299999999999995,0.0,0.203,0.669,106.066,194408.0,4.0
Vaibhav,0lG6QM1jjbbX5UUn3DPmr,Lost Control,Alan Walker,0.736,0.555,4.0,-4.689,1.0,0.0757,0.0345,0.000157,0.0798,0.32299999999999995,91.99700000000001,222320.0,4.0
Vaibhav,1BLrUqonqHjdeLeFh1adZ,Tear In My Heart,Twenty One Two,0.713,0.593,2.0,-5.367999999999999,1.0,0.0389,0.0030800000000000003,0.0,0.0382,0.7340000000000001,119.973,165533.0,4.0
Vaibhav,0OlnLZY4cmQzT6ZGttvWB,So Far Away (feat. Jamie Scott & Romy Dya),Martin Garrix,0.526,0.52,6.0,-7.985,0.0,0.0569,0.435,0.0,0.19699999999999998,0.13,149.119,183637.0,4.0
Vaibhav,0tBbt8CrmxbjRP0pueQky,Wolves,Selena Gomez,0.7240000000000001,0.804,11.0,-4.614,0.0,0.0448,0.124,0.0,0.204,0.306,124.98700000000001,197993.0,4.0
Vaibhav,4cluDES4hQEUhmXj6TXkS,What Makes You Beautiful,One Direction,0.726,0.787,4.0,-2.494,1.0,0.0737,0.009000000000000001,0.0,0.0596,0.888,124.99,199987.0,4.0
Vaibhav,3ebXMykcMXOcLeJ9xZ17X,Scared to Be Lonely,Martin Garrix,0.584,0.54,1.0,-7.7860000000000005,0.0,0.0576,0.0895,0.0,0.261,0.195,137.972,220883.0,4.0
Vaibhav,3zT2616WcD9Df5m21OsCX,Rise Up,Imagine Dragons,0.447,0.74,3.0,-6.607,1.0,0.0475,0.0122,0.00022799999999999999,0.0958,0.102,93.759,231720.0,4.0
Vaibhav,5icOoE6VgqFKohjWWNp0A,Here With Me,Marshmello,0.7909999999999999,0.565,5.0,-3.9330000000000003,0.0,0.0439,0.0623,0.0,0.156,0.18100000000000002,99.961,156347.0,4.0
Vaibhav,2GgxS8bUT5G25QJTsfSv0,Burn,Ellie Goulding,0.5589999999999999,0.777,1.0,-5.031000000000001,1.0,0.0432,0.31,0.0,0.105,0.32899999999999996,87.016,231212.0,4.0
Vaibhav,34oFblvtTvOwbBbFks85x,Seasons,Olly Murs,0.633,0.8170000000000001,7.0,-4.495,0.0,0.0663,0.0754,0.0,0.256,0.584,91.96799999999999,217253.0,4.0
Vaibhav,12mGwph2YzDIlChtq3EdX,Alone,Marshmello,0.636,0.953,2.0,-3.74,1.0,0.0353,0.0244,0.0164,0.10800000000000001,0.397,142.011,273803.0,4.0
Vaibhav,5mZB7pYtcAPo7wo5DtW93,No No No,TheFatRat,0.574,0.648,5.0,-3.8,0.0,0.0278,0.34700000000000003,0.0054399999999999995,0.107,0.488,147.983,181824.0,4.0
Vaibhav,4t1DkxexoMbIHfSHS4Uiy,Ve Maahi,Arijit Singh,0.65,0.551,0.0,-6.906000000000001,1.0,0.0274,0.405,0.0,0.21899999999999997,0.294,102.934,223999.0,4.0
Vaibhav,3b5Li4QKDVBx1x7fQuu54,Tired,Alan Walker,0.69,0.8759999999999999,2.0,-4.159,1.0,0.059000000000000004,0.0428,0.0,0.147,0.493,123.994,192112.0,4.0
